ghidra, 
ida, 
push, 
jump, 
rop, 
android, 
decompiler, 
assembler, 
AES, 
bruteforce, 
whenyoureversesomething, 
debugger, 
specter, 
trashcan, 
gbps, 
tony hawk, 
can, 
vmprotect, 
sir kane, 
java, 
python, 
rust, 
deadbeef,
malware,
virus,
packer,
trampoline,
encrypt,
decrypt,
capture the flag,
windows,
linux,
apple,
feet,
binja,
misty,
arm,
mips,
amd,
intel,
x86,
x64,
hook,
kernel,
emulator,
hypervisor,
virtualization,
obfuscation,
hex editor,
mixed boolean arithmetics,
programming,
exploit,
injection,
data,
segment,
stack,
docker,
javascript,
patchguard,
bitcoin,
remote code execution,
heap,
octal,
binary,
hexadecimal,
bypass,
blockchain,
machine learning,
string,
overflow,
buffer,
compiler,
paging,
syscall,
sandbox,
brainfuck,
php,
vtil,
infosec,
bios,
rootkit,
race condition,
branch,
dead lock,
mutex,
memory,
firewall,
ethernet,
public key,
private key,
base64,
unicode,
python3,
forensics,
hash,
red panda,
segfault,
sigtrap,
thread,
process,
goto,
ring0
ring-3
ring-2
ring-1
ring1
ring2
object,
disassembly,
botnet,
cheat engine,
jiang ying,
visual studio,
x64dbg,
windbg,
AT&T,
pop,
gadget,
webkit,
null,
vim,
